nombre,foto,pelis
Jason Statham,https://media.themoviedb.org/t/p/w235_and_h235_face/lldeQ91GwIVff43JBrpdbAAeYWj.jpg,"Megalodón, Transporter y Fast & Furious 8"
Emma Stone,https://media.themoviedb.org/t/p/w235_and_h235_face/cZ8a3QvAnj2cgcgVL6g4XaqPzpL.jpg,"Cruella, The Amazing Spider-Man y La Ciudad De Las Estrellas (La La Land)"
Florence Pugh,https://media.themoviedb.org/t/p/w235_and_h235_face/f8e41Oon18FiEZr4zgyJDVUqOeh.jpg,"Midsommar, Viuda negra y Mujercitas"
Sydney Sweeney,https://media.themoviedb.org/t/p/w235_and_h235_face/qYiaSl0Eb7G3VaxOg8PxExCFwon.jpg,"Euphoria, Cualquiera menos tú y Los Voyeurs"
Guy Ritchie,https://media.themoviedb.org/t/p/w235_and_h235_face/9pLUnjMgIEWXi0mlHYzie9cKUTD.jpg,"Sherlock Holmes, Sherlock Holmes: Juego de sombras y Aladdín"
Rebecca Ferguson,https://media.themoviedb.org/t/p/w235_and_h235_face/lJloTOheuQSirSLXNA3JHsrMNfH.jpg,"Dune, La chica del tren y Life (Vida)"
Jeremy Piven,https://media.themoviedb.org/t/p/w235_and_h235_face/pqdR8zqAWF87chGYlbdYr0YfC7g.jpg,"Cars, Serendipity y Peligrosamente infiltrada"
Millie Bobby Brown,https://media.themoviedb.org/t/p/w235_and_h235_face/cQoPC18cHBN1zYTbOy5hbpjZ5ls.jpg,"Stranger Things, Enola Holmes y Godzilla: Rey de los Monstruos"
Cillian Murphy,https://media.themoviedb.org/t/p/w235_and_h235_face/2lKs67r7FI4bPu0AXxMUJZxmUXn.jpg,"Peaky Blinders, Oppenheimer y 28 días después"
Theo James,https://media.themoviedb.org/t/p/w235_and_h235_face/lSC4cMhcQeCjPFkK6qCjSGDSeR3.jpg,"Divergente, La serie Divergente: Insurgente y La serie Divergente: Leal"
Nicolas Cage,https://media.themoviedb.org/t/p/w235_and_h235_face/ar33qcWbEgREn07ZpXv5Pbj8hbM.jpg,"Los Croods, La búsqueda (National Treasure) y Ghost Rider: El motorista fantasma"
Kaya Scodelario,https://media.themoviedb.org/t/p/w235_and_h235_face/eznQzv0KEssa0TdPjgmdeLP6WvS.jpg,"El corredor del laberinto, El corredor del laberinto: La cura mortal y El corredor del laberinto: Las pruebas"
Timothée Chalamet,https://media.themoviedb.org/t/p/w235_and_h235_face/BE2sdjpgsa2rNTFa66f7upkaOP.jpg,"Call Me by Your Name, Dune y The King"
Jodie Foster,https://media.themoviedb.org/t/p/w235_and_h235_face/resiaRfWvj4N84TgJi9DPOafCpq.jpg,"El silencio de los corderos, Taxi Driver y La habitación del pánico"
Jenna Ortega,https://media.themoviedb.org/t/p/w235_and_h235_face/q1NRzyZQlYkxLY07GO9NVPkQnu8.jpg,"Miércoles, Scream y Scream VI"
John Cena,https://media.themoviedb.org/t/p/w235_and_h235_face/rgB2eIOt7WyQjdgJCOuESdDlrjg.jpg,"Bumblebee, Ferdinand y El escuadrón suicida"
Ana de Armas,https://media.themoviedb.org/t/p/w235_and_h235_face/3vxvsmYLTf4jnr163SUlBIw51ee.jpg,"Puñales por la espalda, Blade Runner 2049 y Juego de armas"
Anna Sawai,https://media.themoviedb.org/t/p/w235_and_h235_face/eVliOvXvpuj3NkdZ9HRw6HLnglg.jpg,"Monarch: el legado de los monstruos, Fast & Furious 9 y Ninja Assassin"
Matt Damon,https://media.themoviedb.org/t/p/w235_and_h235_face/At3JgvaNeEN4Z4ESKlhhes85Xo3.jpg,"Marte (The Martian), El indomable Will Hunting y The Bourne Identity: El caso Bourne"
Cosmo Jarvis,https://media.themoviedb.org/t/p/w235_and_h235_face/2jyOlRFRVEkc4MswaSqL2Xj4Lk4.jpg,"Aniquilación, Lady Macbeth y Persuasión"
Pedro Pascal,https://media.themoviedb.org/t/p/w235_and_h235_face/9VYK7oxcqhjd5LAH6ZFJ3XzOlID.jpg,"The Mandalorian, The Last of Us y The Equalizer 2"
Emily Blunt,https://media.themoviedb.org/t/p/w235_and_h235_face/5nCSG5TL1bP1geD8aaBfaLnLLCD.jpg,"Sicario, Un lugar tranquilo y Al filo del mañana"
Carey Mulligan,https://media.themoviedb.org/t/p/w235_and_h235_face/2AzYEnTu78NQhEuMEk2To6mdNdM.jpg,"Drive, El gran Gatsby y Una joven prometedora"
Anne Hathaway,https://media.themoviedb.org/t/p/w235_and_h235_face/yxonUjheNliiwkXKsy6BTONtyCx.jpg,"Interstellar, El diablo viste de Prada y El caballero oscuro: La leyenda renace"
Robert Downey Jr.,https://media.themoviedb.org/t/p/w235_and_h235_face/im9SAqJPZKEbVZGmjXuLI4O7RvM.jpg,"Los Vengadores, Vengadores: Infinity War y Iron Man"
Nicole Kidman,https://media.themoviedb.org/t/p/w235_and_h235_face/lfW2cDigTcvuoe4k6UfCdGVE1R6.jpg,"Los otros, La brújula dorada y Moulin Rouge"
Tom Holland,https://media.themoviedb.org/t/p/w235_and_h235_face/yxYOaalFh8SUwNE5C0wzOwF89Ny.jpg,"Spider-Man. Homecoming, Spider-Man: No Way Home y Spider-Man. Lejos de casa"
Jake Gyllenhaal,https://media.themoviedb.org/t/p/w235_and_h235_face/btORQRDyGCF0KNweGGYpmQXZK3P.jpg,"Donnie Darko, Nightcrawler y Zodiac"
Hiroyuki Sanada,https://media.themoviedb.org/t/p/w235_and_h235_face/x6QHfdTvuuOclypoPqtdqQmlaGW.jpg,"Lobezno inmortal, La leyenda del samurái (47 Ronin) y Life (Vida)"
Tom Hanks,https://media.themoviedb.org/t/p/w235_and_h235_face/sou8CHR4z5Mh2CpyUHxi7t0fnO4.jpg,"Forrest Gump, Toy Story (Juguetes) y La milla verde"
Miles Wei,https://media.themoviedb.org/t/p/w235_and_h235_face/fT4v4LTDXGEFGHe7ZAaRTtqBFYM.jpg,"Amor inolvidable, Perfecto y casual y Only for Love"
Glen Powell,https://media.themoviedb.org/t/p/w235_and_h235_face/lRbbndkwOXyvep9Y7kHiwbh9Ji5.jpg,"Top Gun: Maverick, Cómo deshacerte de tu jefe y Figuras ocultas"
Kevin Costner,https://media.themoviedb.org/t/p/w235_and_h235_face/608blZipRDZkDpzp8VItB64qMaT.jpg,"Los intocables de Eliot Ness, Bailando con lobos y Waterworld"
Scarlett Johansson,https://media.themoviedb.org/t/p/w235_and_h235_face/6bBCPmc55gzP7TR9Th4WbykrYd0.jpg,"Lucy, Viuda negra y Capitán América: El soldado de invierno"
Austin Butler,https://media.themoviedb.org/t/p/w235_and_h235_face/jn63A9goIetyvJt5DTHypjk33ip.jpg,"Elvis, Érase una vez en… Hollywood y Las crónicas de Shannara"
Denzel Washington,https://media.themoviedb.org/t/p/w235_and_h235_face/jj2Gcobpopokal0YstuCQW0ldJ4.jpg,"The equalizer (El protector), El libro de Eli y El vuelo (Flight)"
Amanda Seyfried,https://media.themoviedb.org/t/p/w235_and_h235_face/gtBUIpZ3dvLpOMIVORxE6sHSyZj.jpg,"In Time, Querido John y Caperucita roja ¿A quién tienes miedo?"
William Fichtner,https://media.themoviedb.org/t/p/w235_and_h235_face/wWtJOoaNAwPparpzMNuRBjvxwEf.jpg,"Ninja Turtles, El Llanero Solitario y El caballero oscuro"
Liam Neeson,https://media.themoviedb.org/t/p/w235_and_h235_face/bboldwqSC6tdw2iL6631c98l2Mn.jpg,"La lista de Schindler, La guerra de las galaxias. Episodio I: La amenaza fantasma y Venganza"
Hayley Atwell,https://media.themoviedb.org/t/p/w235_and_h235_face/zM53P3iVyEnRNEeotU4vCCv13II.jpg,"Capitán América: El primer vengador, Black Mirror y Capitán América: El soldado de invierno"
Clint Eastwood,https://media.themoviedb.org/t/p/w235_and_h235_face/dU35NnjZ4aGw5abIJe3WXVf3Eey.jpg,"Gran Torino, Million Dollar Baby y El bueno, el feo y el malo"
Shohreh Aghdashloo,https://media.themoviedb.org/t/p/w235_and_h235_face/vuE7zU05kmnalORwIzVTi8uIMRA.jpg,"X-Men: La decisión final, The Expanse y La casa del lago"
Ian McShane,https://media.themoviedb.org/t/p/w235_and_h235_face/rteBJYNgD1yGsHg2HGZAIrYHz1t.jpg,"John Wick (Otro día para matar), John Wick: Pacto de sangre y John Wick: Capítulo 3 - Parabellum"
Henry Cavill,https://media.themoviedb.org/t/p/w235_and_h235_face/dgTD7Q9owL3DyX9uYoSX9KZeUUz.jpg,"El hombre de acero, Batman vs Superman: El amanecer de la Justicia y Liga de la Justicia"
Jason Momoa,https://media.themoviedb.org/t/p/w235_and_h235_face/6dEFBpZH8C8OijsynkSajQT99Pb.jpg,"Aquaman, La Liga de la Justicia de Zack Snyder y See"
Jennifer Connelly,https://media.themoviedb.org/t/p/w235_and_h235_face/opBts8lC3ZhK4BQwl8ztczehsFQ.jpg,"Una mente maravillosa, Réquiem por un sueño y Noé"
Rachel Weisz,https://media.themoviedb.org/t/p/w235_and_h235_face/msTqKPA33ryVtcVNgOdeaJGYq16.jpg,"La momia, Constantine y El regreso de la momia"
Owen Wilson,https://media.themoviedb.org/t/p/w235_and_h235_face/ntN3DL1Us5G2PCvlfq112vLXRKa.jpg,"Cars, Midnight in Paris y Cars 3"
Emma Watson,https://media.themoviedb.org/t/p/w235_and_h235_face/tvPPRGzAzdQFhlKzLbMO1EpuTJI.jpg,"La bella y la bestia, Harry Potter y las Reliquias de la Muerte - Parte 2 y Harry Potter y las Reliquias de la Muerte - Parte 1"
Josh Brolin,https://media.themoviedb.org/t/p/w235_and_h235_face/sX2etBbIkxRaCsATyw5ZpOVMPTD.jpg,"No es país para viejos, Deadpool 2 y Gangster Squad: Brigada de élite"
Danny DeVito,https://media.themoviedb.org/t/p/w235_and_h235_face/gNHF2SNXFFCRqwIQ2Xv6r6aV6UD.jpg,"Lorax. En busca de la trúfula perdida, Batman vuelve y Alguien voló sobre el nido del cuco"
Morgan Freeman,https://media.themoviedb.org/t/p/w235_and_h235_face/jPsLqiYGSofU4s6BjrxnefMfabb.jpg,"Seven, Cadena perpetua y Lucy"
Josh Hutcherson,https://media.themoviedb.org/t/p/w235_and_h235_face/awZRe7yQqj7eYLvURWxjk9TifOe.jpg,"Los Juegos del Hambre, Los Juegos del Hambre: En llamas y Los Juegos del Hambre: Sinsajo - Parte 1"
Jackie Chan,https://media.themoviedb.org/t/p/w235_and_h235_face/nraZoTzwJQPHspAVsKfgl3RXKKa.jpg,"Hora punta, Hora punta 2 y Hora punta 3"
Samuel L. Jackson,https://media.themoviedb.org/t/p/w235_and_h235_face/nCJJ3NVksYNxIzEHcyC1XziwPVj.jpg,"Los odiosos ocho, Pulp Fiction y Kingsman: Servicio secreto"
Saranya Pradeep,https://media.themoviedb.org/t/p/w235_and_h235_face/zGdjxXehk4Bashdfq4DpOqnVzc6.jpg,"Fidaa, Bhamakalapam y Kushi"
Sirena Gulamgaus,https://media.themoviedb.org/t/p/w235_and_h235_face/jT4E7OwQ98m8pAi6ASIJ82HMrgM.jpg,"Chapelwaite, Código 8 (Parte 2) y Transplant"
Scott Adkins,https://media.themoviedb.org/t/p/w235_and_h235_face/9NRr2a1riIn5CWn5McZLJlk4vxR.jpg,"Doctor Strange, Boyka: Invicto IV y Invicto 3: Redención"
Jacob Elordi,https://media.themoviedb.org/t/p/w235_and_h235_face/khfLyxY9gsKiLFoz2zj0h3uhDFJ.jpg,"Mi primer beso 2, Mi primer beso y Euphoria"
Keanu Reeves,https://media.themoviedb.org/t/p/w235_and_h235_face/4D0PpNI0kmP58hgrwGC3wCjxhnm.jpg,"Matrix, John Wick (Otro día para matar) y John Wick: Pacto de sangre"
Alexandra Daddario,https://media.themoviedb.org/t/p/w235_and_h235_face/f5DsLRFDm2qLkVT8zmPsZ6d6Ngx.jpg,"San Andrés, Percy Jackson y el ladrón del rayo y Baywatch: Los vigilantes de la playa"
Channing Tatum,https://media.themoviedb.org/t/p/w235_and_h235_face/xdnstENLdWMPWt9qyhtf695L4t6.jpg,"Infiltrados en clase, Asalto al poder y Infiltrados en la universidad"
Daniel Ings,https://media.themoviedb.org/t/p/w235_and_h235_face/VHtgRMz5t0F8DEjYMxSmY09DTw.jpg,"Piratas del Caribe: En mareas misteriosas, The Marvels y Eddie el Águila"
Kristen Stewart,https://media.themoviedb.org/t/p/w235_and_h235_face/ryhCjTGqS6G6OprbR0qUEH355lA.jpg,"Crepúsculo, La saga Crepúsculo: Luna nueva y La saga Crepúsculo:  Amanecer - Parte 1"
Joey King,https://media.themoviedb.org/t/p/w235_and_h235_face/kL0lWLJA6lbvmPM3YL0ISE6rVr6.jpg,"Mi primer beso, Mi primer beso 2 y Bullet Train"
Vanessa Kirby,https://media.themoviedb.org/t/p/w235_and_h235_face/iFvuPhFe0jJ1w3e638FhaqXBWf2.jpg,"Fast & Furious: Hobbs & Shaw, Antes De Ti y Fragmentos de una mujer"
Paul Giamatti,https://media.themoviedb.org/t/p/w235_and_h235_face/kn7LAbFYP5RPC2r61tDx2CRUeuw.jpg,"El show de Truman, El ilusionista y The Amazing Spider-Man 2: El poder de Electro"
Gina Gershon,https://media.themoviedb.org/t/p/w235_and_h235_face/c9PpXfQ5XN5IYISUTexXMF19cax.jpg,"Cara a cara, Posdata: Te quiero y Showgirls"
Ryan Reynolds,https://media.themoviedb.org/t/p/w235_and_h235_face/so89QyuxAZY8IOpNTweCekhxsvO.jpg,"Deadpool, Deadpool 2 y Free Guy"
Robert De Niro,https://media.themoviedb.org/t/p/w235_and_h235_face/cT8htcckIuyI1Lqwt1CvD02ynTh.jpg,"Joker, Taxi Driver y Heat"
Mary Elizabeth Winstead,https://media.themoviedb.org/t/p/w235_and_h235_face/lgLSrB5MAhnJeS7qfc18YxzTNnJ.jpg,"Calle Cloverfield 10, Scott Pilgrim contra el mundo y Destino final 3"
Charlie Murphy,https://media.themoviedb.org/t/p/w235_and_h235_face/AaugO5Qq1Opp3Dv6JuH5ESJYmo9.jpg,"Peaky Blinders, El extranjero y Halo"
Rosamund Pike,https://media.themoviedb.org/t/p/w235_and_h235_face/8ObNklHDi2hjdz0ayzJFB9jtqzm.jpg,"Perdida, Jack Reacher y Descuida, yo te cuido"
Morena Baccarin,https://media.themoviedb.org/t/p/w235_and_h235_face/kBSKKaOtsqIzZPhtEeHfCBmhWl9.jpg,"Deadpool, Deadpool 2 y Greenland: El último refugio"
Vin Diesel,https://media.themoviedb.org/t/p/w235_and_h235_face/nZdVry7lnUkE24PnXakok9okvL4.jpg,"Fast & Furious 7, Fast & Furious 6 y Fast & Furious 8"
Bryce Dallas Howard,https://media.themoviedb.org/t/p/w235_and_h235_face/mDKsCY9YJKyqoSGzlAfJdHBU8a3.jpg,"Jurassic World, Jurassic World: El reino caído y El bosque"
Annie Potts,https://media.themoviedb.org/t/p/w235_and_h235_face/wci5yNwwQvvRtHybDG36wZqhC1t.jpg,"Toy Story 4, Toy Story (Juguetes) y Toy Story 2: los juguetes vuelven a la carga"
Charlize Theron,https://media.themoviedb.org/t/p/w235_and_h235_face/1WKfLshTtawW26lqOcKZhS4lZVA.jpg,"Mad Max: Furia en la carretera, Atómica y Hancock"
Margot Robbie,https://media.themoviedb.org/t/p/w235_and_h235_face/euDPyqLnuwaWMHajcU3oZ9uZezR.jpg,"Aves de presa (y la fantabulosa emancipación de Harley Quinn), El escuadrón suicida y Barbie"
Ryan Gosling,https://media.themoviedb.org/t/p/w235_and_h235_face/lyUyVARQKhGxaxy0FbPJCQRpiaW.jpg,"La Ciudad De Las Estrellas (La La Land), Blade Runner 2049 y Drive"
John Krasinski,https://media.themoviedb.org/t/p/w235_and_h235_face/sVsUxtGLGiYhaH2oddaRocJiOiW.jpg,"Un lugar tranquilo, 13 Horas: Los soldados secretos de Bengasi y Un lugar tranquilo 2"
Whoopi Goldberg,https://media.themoviedb.org/t/p/w235_and_h235_face/wZKI7qcEIVgiHxeFtk3NuKt8URQ.jpg,"Sister Act (Una Monja De Cuidado), Ghost (Más allá del amor) y Sister Act 2 (De Vuelta Al Convento)"
Quentin Tarantino,https://media.themoviedb.org/t/p/w235_and_h235_face/1gjcpAa99FAOWGnrUvHEXXsRs7o.jpg,"Pulp Fiction, Django desencadenado y Malditos bastardos"
Kristen Wiig,https://media.themoviedb.org/t/p/w235_and_h235_face/N517EQh7j4mNl3BStMmjMN6hId.jpg,"Marte (The Martian), Cazafantasmas y Gru 2. Mi villano favorito"
Nick Robinson,https://media.themoviedb.org/t/p/w235_and_h235_face/mzYszYVPvTdirjkUueziWUHvye7.jpg,"Con amor, Simon, Jurassic World y La quinta ola"
Sylvester Stallone,https://media.themoviedb.org/t/p/w235_and_h235_face/pOpbPofjwpynRkWPZZZkyGds6rx.jpg,"Los mercenarios, Rocky y Los mercenarios 2"
Dermot Mulroney,https://media.themoviedb.org/t/p/w235_and_h235_face/5gJszOF45KMPB5tmAbKdK0qgQBx.jpg,"Infierno blanco, La boda de mi mejor amigo y Zodiac"
Russell Crowe,https://media.themoviedb.org/t/p/w235_and_h235_face/fbzD4utSGJlsV8XbYMLoMdEZ1Fc.jpg,"Gladiator, Una mente maravillosa y Noé"
Anja Savcic,https://media.themoviedb.org/t/p/w235_and_h235_face/nWl0Hgw8y35bXXl9VaorAmYjhBY.jpg,"Extraterrestrial, La noche de su vida y Repeaters"
Willem Dafoe,https://media.themoviedb.org/t/p/w235_and_h235_face/ui8e4sgZAwMPi3hzEO53jyBJF9B.jpg,"Spider-Man, American Psycho y Buscando a Nemo"
Zac Efron,https://media.themoviedb.org/t/p/w235_and_h235_face/oQJWACvdvh2a5eyPokVdQ6qdRMc.jpg,"17 otra vez, El gran showman y High School Musical"
Joel Kinnaman,https://media.themoviedb.org/t/p/w235_and_h235_face/c4TTWy1WntzDxpgIe8kbODjWOfD.jpg,"RoboCop, Escuadrón suicida y El escuadrón suicida"
Jack Black,https://media.themoviedb.org/t/p/w235_and_h235_face/rtCx0fiYxJVhzXXdwZE2XRTfIKE.jpg,"Kung Fu Panda, Kung Fu Panda 2 y Kung Fu Panda 3"
Kelly Reilly,https://media.themoviedb.org/t/p/w235_and_h235_face/gof8bWW9E7MH30GpvA97PwGiIuu.jpg,"El vuelo (Flight), Sherlock Holmes y Eden Lake"
Zendaya,https://media.themoviedb.org/t/p/w235_and_h235_face/3WdOloHpjtjL96uVOhFRRCcYSwq.jpg,"Spider-Man: No Way Home, Euphoria y Spider-Man. Homecoming"
Aubrey Plaza,https://media.themoviedb.org/t/p/w235_and_h235_face/6qeCvOF1K88nKqZfzaWYESo0CwW.jpg,"Muñeco diabólico, Dirty Grandpa y Seguridad no garantizada"
Danny Trejo,https://media.themoviedb.org/t/p/w235_and_h235_face/7JrUkRGBscZ1Hy5JinaaXjjzSCF.jpg,"Machete, Machete Kills y Abierto hasta el amanecer"
Kate Beckinsale,https://media.themoviedb.org/t/p/w235_and_h235_face/j8AX8zHixgntJ7FgIQWwI7NJ7p4.jpg,"Underworld, Underworld: El despertar y Underworld: Evolution"
Donald Sutherland,https://media.themoviedb.org/t/p/w235_and_h235_face/i3acDyoJCtVFbsHLAPVaw8rLANG.jpg,"Los Juegos del Hambre: En llamas, Los Juegos del Hambre y Orgullo y prejuicio"
Joely Richardson,https://media.themoviedb.org/t/p/w235_and_h235_face/6OWUwieNiWcZNnu4h6gd8vyhxBV.jpg,"El patriota, 101 Dálmatas (¡Más Vivos Que Nunca!) y Millennium: Los hombres que no amaban a las mujeres"
Natasha Culzac,https://media.themoviedb.org/t/p/w235_and_h235_face/ytMC7Kxx81MO3tIXv62ogsd4ttc.jpg,"Halo, Men in Black: International y The Witcher"
Michael Keaton,https://media.themoviedb.org/t/p/w235_and_h235_face/baeHNv3qrVsnApuKbZXiJOhqMnw.jpg,"Birdman o (la inesperada virtud de la ignorancia), Spider-Man. Homecoming y Batman"
Katheryn Winnick,https://media.themoviedb.org/t/p/w235_and_h235_face/vQSqH3ybDWZHZIqX4NZKhOCXAhQ.jpg,"Vikingos, Polar y La Torre Oscura"
Woody Harrelson,https://media.themoviedb.org/t/p/w235_and_h235_face/igxYDQBbTEdAqaJxaW6ffqswmUU.jpg,"Bienvenidos a Zombieland, Zombieland: Mata y remata y Los Juegos del Hambre"
Richard Gere,https://media.themoviedb.org/t/p/w235_and_h235_face/i7wcBNmFldh2E4QInCvmv7CPSIR.jpg,"Pretty Woman, Siempre a tu lado y Las dos caras de la verdad"
Kevin Bacon,https://media.themoviedb.org/t/p/w235_and_h235_face/rjX2Oz3tCZMfSwOoIAyEhdtXnTE.jpg,"X-Men: Primera Generación, Sleepers y Temblores"
Jarred Harper,https://media.themoviedb.org/t/p/w235_and_h235_face/iRImFVWY56bOlkeKXtUFo1sgUNh.jpg,"The Double Life of My Billionaire Husband, The Institute y American Housewife"
Alan Ritchson,https://media.themoviedb.org/t/p/w235_and_h235_face/wdmLUSPEC7dXuqnjTM4NgbjvTKk.jpg,"Reacher, Ninja Turtles y Los Juegos del Hambre: En llamas"
Gary Oldman,https://media.themoviedb.org/t/p/w235_and_h235_face/2v9FVVBUrrkW2m3QOcYkuhq9A6o.jpg,"El caballero oscuro, El caballero oscuro: La leyenda renace y El instante más oscuro"
Alicia Witt,https://media.themoviedb.org/t/p/w235_and_h235_face/vQ2McAjHjY3A7oDrPMx6aLSsvkW.jpg,"Leyenda urbana, 88 minutos y Amor con preaviso"
Tom Cruise,https://media.themoviedb.org/t/p/w235_and_h235_face/eOh4ubpOm2Igdg0QH2ghj0mFtC.jpg,"Al filo del mañana, Oblivion y Misión imposible: Protocolo fantasma"
Travis Fimmel,https://media.themoviedb.org/t/p/w235_and_h235_face/3feVQYAZXNHduKdtw3oMMAnUbQg.jpg,"Vikingos, Warcraft: El origen y Danger close: la batalla de Long Tan"
Kevin Hart,https://media.themoviedb.org/t/p/w235_and_h235_face/7OwsFfoxNGIfWwSmdORyB7v8XNj.jpg,"Jumanji: Bienvenidos a la jungla, Jumanji: Siguiente nivel y Un espía y medio"
Denis Villeneuve,https://media.themoviedb.org/t/p/w235_and_h235_face/433lXlkdMGXzrpwnKM4Ul1sln15.jpg,"La llegada, Blade Runner 2049 y Prisioneros"
Adam Sandler,https://media.themoviedb.org/t/p/w235_and_h235_face/xh4MJHsnqXLrPNnmwO50jR2Ku1N.jpg,"Hotel Transilvania, Pixels y 50 primeras citas"
Jeffrey Dean Morgan,https://media.themoviedb.org/t/p/w235_and_h235_face/m8bdrmh6ExDCGQ64E83mHg002YV.jpg,"Ruega por nosotros, The Walking Dead y Los perdedores"
Chloë Grace Moretz,https://media.themoviedb.org/t/p/w235_and_h235_face/j9d4i2xsLGUhwpuy5y0fkx1qAcz.jpg,"Kick-Ass: Listo para machacar, La quinta ola y Carrie"
Isabel May,https://media.themoviedb.org/t/p/w235_and_h235_face/9AT39NSHNQ44VebDrqupxplmyLK.jpg,"1883, Alexa & Katie y Luchar o morir"
Ray Winstone,https://media.themoviedb.org/t/p/w235_and_h235_face/kDShEv6zPfArgcwXliGWKR65Mmo.jpg,"Beowulf, Infiltrados y Noé"
Amy Smart,https://media.themoviedb.org/t/p/w235_and_h235_face/cGbVgcBDYeSqNWUrwCUKZZbVMje.jpg,"El efecto mariposa, Crank: Veneno En La Sangre y Crank: Alto Voltaje"
Mark Wahlberg,https://media.themoviedb.org/t/p/w235_and_h235_face/bTEFpaWd7A6AZVWOqKKBWzKEUe8.jpg,"Ted, Transformers: La Era de la Extinción y Ted 2"
Kristen Bell,https://media.themoviedb.org/t/p/w235_and_h235_face/rP74dJXl7EjinGM0shQtUOlH5s2.jpg,"Frozen: El reino del hielo, Frozen 2 y Malas madres"
Brie Larson,https://media.themoviedb.org/t/p/w235_and_h235_face/xSGvMwNNJcEQvVcjiIUTyxyMfkZ.jpg,"Capitana Marvel, La habitación y Infiltrados en clase"
Naomi Watts,https://media.themoviedb.org/t/p/w235_and_h235_face/k6l8BWX1yqfGt95enzEkHoPvON4.jpg,"King Kong, Lo imposible y The Ring (La señal)"
Johnny Depp,https://media.themoviedb.org/t/p/w235_and_h235_face/z4wuEcnTW4hlICMYPGn5W8bK2zh.jpg,"Piratas del Caribe: La maldición de la Perla Negra, Piratas del Caribe: El cofre del hombre muerto y Charlie y la fábrica de chocolate"
Keira Knightley,https://media.themoviedb.org/t/p/w235_and_h235_face/bRC1B2VwV0wK3ElciFAK6QZf2wD.jpg,"The Imitation Game (Descifrando Enigma), Orgullo y prejuicio y Piratas del Caribe: La maldición de la Perla Negra"
Angourie Rice,https://media.themoviedb.org/t/p/w235_and_h235_face/bL3TL4beXOxXlnpUP5N4tEQ2lJJ.jpg,"Dos Buenos Tipos, Cada día y Spider-Man. Lejos de casa"
Emma Thompson,https://media.themoviedb.org/t/p/w235_and_h235_face/xr8Ki3CIqweWWqS5q0kUYdiK6oQ.jpg,"Indomable, Cruella y Al encuentro de Mr. Banks"
Arielle Kebbel,https://media.themoviedb.org/t/p/w235_and_h235_face/dmYiAeWoeVsRdT4UBBGuW9gBfjQ.jpg,"American Pie presenta: Band Camp, Presencias extrañas y Cincuenta sombras liberadas"
Christopher Nolan,https://media.themoviedb.org/t/p/w235_and_h235_face/xuAIuYSmsUzKlUMBFGVZaWsY3DZ.jpg,"Origen, Interstellar y El caballero oscuro"
James Brolin,https://media.themoviedb.org/t/p/w235_and_h235_face/j5DCjshDWSv4nMJdWyXWCmRmROU.jpg,"Atrápame si puedes, Terror en Amityville y Lightyear"
Anya Taylor-Joy,https://media.themoviedb.org/t/p/w235_and_h235_face/l4iCvDhSpF16KnXX7xJpjSmkWhu.jpg,"Múltiple, La Bruja y El menú"
Yuka Kouri,https://media.themoviedb.org/t/p/w235_and_h235_face/uTKvkl3BYeiIPUvKfdL3QDaeM5.jpg,"Strobe Edge, Kami no Kiba -JINGA- y Koisaika Miyamoto"
Daniel Craig,https://media.themoviedb.org/t/p/w235_and_h235_face/iFerDZUmC5Fu26i4qI8xnUVEHc7.jpg,"Skyfall, Puñales por la espalda y Casino Royale"
Tom Hardy,https://media.themoviedb.org/t/p/w235_and_h235_face/d81K0RH8UX7tZj49tZaQhZ9ewH.jpg,"Mad Max: Furia en la carretera, Venom y Venom: habrá matanza"
Javier Bardem,https://media.themoviedb.org/t/p/w235_and_h235_face/IShnFg6ijWhpbu29dFBd9PtqQg.jpg,"Piratas del Caribe: La venganza de Salazar, No es país para viejos y Skyfall"
Cole Hauser,https://media.themoviedb.org/t/p/w235_and_h235_face/kJyUtNZREd7mes21OrWiCtOugPL.jpg,"2 Fast 2 Furious: A todo gas 2, El indomable Will Hunting y Pitch Black"
Christina Ricci,https://media.themoviedb.org/t/p/w235_and_h235_face/dzB58d6fNrTEi7nBAU1tySJc2at.jpg,"Casper, Sleepy Hollow y Penélope"
Amber Heard,https://media.themoviedb.org/t/p/w235_and_h235_face/cIbuK91Da9QS2gh43018CmRnx96.jpg,"Aquaman, Bienvenidos a Zombieland y Encerrada (The Ward)"
Marisa Tomei,https://media.themoviedb.org/t/p/w235_and_h235_face/5w6qM8FWsl5SutKSpx6Va64eCTE.jpg,"Spider-Man. Homecoming, Spider-Man. Lejos de casa y Spider-Man: No Way Home"
Forest Whitaker,https://media.themoviedb.org/t/p/w235_and_h235_face/1GbfuDitXDBmNmXEKk2rGEXiEXE.jpg,"La llegada, El mayordomo y V3nganza"
Sam Elliott,https://media.themoviedb.org/t/p/w235_and_h235_face/1K2IvGXFbKsgkExuUsRvy4F0c9e.jpg,"Ha nacido una estrella, Ghost Rider: El motorista fantasma y Hulk"
Matthew McConaughey,https://media.themoviedb.org/t/p/w235_and_h235_face/e9ZHRY5toiBZCIPEEyvOG9A8ers.jpg,"Interstellar, Dallas Buyers Club y ¡Canta!"
Leslie Nielsen,https://media.themoviedb.org/t/p/w235_and_h235_face/u5vWl5dw69Nf89f905Qb5JqEVL3.jpg,"Agárralo como puedas, Agárralo como puedas 2 1/2: el aroma del miedo y Agárralo como puedas 33 1/3: el insulto final"
Uma Thurman,https://media.themoviedb.org/t/p/w235_and_h235_face/xuxgPXyv6KjUHIM8cZaxx4ry25L.jpg,"Kill Bill: Volumen 1, Kill Bill: Volumen 2 y Pulp Fiction"
Alicia Silverstone,https://media.themoviedb.org/t/p/w235_and_h235_face/pyxqkP4i0ubVdoRe5hoiiiwkHkb.jpg,"Clueless (Fuera de onda), Batman y Robin y El sacrificio de un ciervo sagrado"
Jeremy Irons,https://media.themoviedb.org/t/p/w235_and_h235_face/w8Ct1q02Ht3sWdOSqfp3B85TzT.jpg,"Assassin's Creed, Batman vs Superman: El amanecer de la Justicia y El rey león"
Barry Keoghan,https://media.themoviedb.org/t/p/w235_and_h235_face/ngoitknM6hw8fffLywyvjzy6Iti.jpg,"Dunkerque, Saltburn y Eternals"
Eva Green,https://media.themoviedb.org/t/p/w235_and_h235_face/vwjOWfUeDk5fQr8jraKlR1Yfxxq.jpg,"El hogar de Miss Peregrine para niños peculiares, Casino Royale y 300: El origen de un imperio"
Viggo Mortensen,https://media.themoviedb.org/t/p/w235_and_h235_face/vH5gVSpHAMhDaFWfh0Q7BG61O1y.jpg,"Green Book, El señor de los anillos: La comunidad del anillo y El señor de los anillos: El retorno del rey"
Nathan Fillion,https://media.themoviedb.org/t/p/w235_and_h235_face/aW6vCxkUZtwb6iH2Wf88Uq0XNVv.jpg,"Serenity, Firefly y Castle"
Mila Kunis,https://media.themoviedb.org/t/p/w235_and_h235_face/811vCRSr9s2MFwCIOo1jWHltu3R.jpg,"Cisne negro, El destino de Júpiter y Ted"
Charlie Sheen,https://media.themoviedb.org/t/p/w235_and_h235_face/eHMe0jYsp6YBgyCDbgtheZrIHAy.jpg,"Platoon, Dos hombres y medio y Hot Shots!"
Nina Dobrev,https://media.themoviedb.org/t/p/w235_and_h235_face/67A1s3I8k831MJ7VRLX59hBNdNt.jpg,"Crónicas vampíricas, ¡Qué duro es el amor! y Las ventajas de ser un marginado"
Will Smith,https://media.themoviedb.org/t/p/w235_and_h235_face/1QqaRZ8neYlqLx7ODZC4as47wUV.jpg,"Escuadrón suicida, Soy leyenda y Yo, robot"
Val Kilmer,https://media.themoviedb.org/t/p/w235_and_h235_face/szMi36EOoCuMYeYO9eYqRefEnKo.jpg,"Batman Forever, El príncipe de Egipto y Top Gun: Ídolos del aire"
Bradley Cooper,https://media.themoviedb.org/t/p/w235_and_h235_face/DPnessSsWqVXRbKm93PtMjB4Us.jpg,"Resacón en Las Vegas, El francotirador y El lado bueno de las cosas"
Rosario Dawson,https://media.themoviedb.org/t/p/w235_and_h235_face/1mm7JGHIUX3GRRGXEV9QCzsI0ao.jpg,"Siete almas, Hombres de negro II y Death Proof"
Jean-Claude Van Damme,https://media.themoviedb.org/t/p/w235_and_h235_face/7DP3bm3MS0qa0L8tBLHGebbCu6H.jpg,"Contacto sangriento, Soldado Universal y Street Fighter: La última batalla"
Anna Kendrick,https://media.themoviedb.org/t/p/w235_and_h235_face/yirl6fEmeXY5xcvJw3nTcCNq9Cw.jpg,"Dando la nota, Dando la nota: Aún más alto y Un pequeño favor"
Jesse Plemons,https://media.themoviedb.org/t/p/w235_and_h235_face/ckTthGclQE0y6b7gR0RpRo7LskL.jpg,"El camino: una película de Breaking Bad, Estoy pensando en dejarlo y Jungle Cruise"
Paul Bettany,https://media.themoviedb.org/t/p/w235_and_h235_face/vcAVrAOZrpqmi37qjFdztRAv1u9.jpg,"Bruja Escarlata y Visión, Iron Man y Vengadores: La Era de Ultrón"
Song Kang,https://media.themoviedb.org/t/p/w235_and_h235_face/dMUXkMfkTEw3qrJisk0mQCQxmBI.jpg,"Sweet Home, Love Alarm y Mi adorable demonio"
Clare Dunne,https://media.themoviedb.org/t/p/w235_and_h235_face/AisYR4krGar2CcdVck1IMl51FLv.jpg,"Spider-Man. Lejos de casa, El último duelo y Volver a empezar"
Danielle Panabaker,https://media.themoviedb.org/t/p/w235_and_h235_face/dpX6WMQjJDD93YYaC9Wd6tgucuZ.jpg,"The Flash, Viernes 13 y Time Lapse"
Patrick Wilson,https://media.themoviedb.org/t/p/w235_and_h235_face/tc1ezEfIY8BhCy85svOUDtpBFPt.jpg,"Expediente Warren: The Conjuring, Expediente Warren: El caso Enfield y Insidious"
Jeffrey Wright,https://media.themoviedb.org/t/p/w235_and_h235_face/yGcuHGW4glqRpOPxgiCvjcren7F.jpg,"¿Qué pasaría si...?, Batman y Casino Royale"
Colin Farrell,https://media.themoviedb.org/t/p/w235_and_h235_face/yGohLbGy8huibHfT52sbnGoGu7x.jpg,"Langosta, Desafío total y Escondidos en Brujas"
Josh Hartnett,https://media.themoviedb.org/t/p/w235_and_h235_face/dCfu2EN7FjISACcjilaJu7evwEc.jpg,"Black Hawk derribado, El caso Slevin y 30 días de oscuridad"
Annette Bening,https://media.themoviedb.org/t/p/w235_and_h235_face/sBiiRwAVXd0FCRZ87m0I89qGBvy.jpg,"American Beauty, Capitana Marvel y Mars Attacks!"
Yuki Kaji,https://media.themoviedb.org/t/p/w235_and_h235_face/8wKdPV11IwowfwoqGqMMNt9hmp6.jpg,"Ataque a los Titanes, Los siete pecados capitales y High School DxD"
Richard Chamberlain,https://media.themoviedb.org/t/p/w235_and_h235_face/hdnR3Nd49rFNpPUFF2lQyetBypo.jpg,"Las minas del rey Salomón, Allan Quatermain y la ciudad perdida del oro y Os declaro marido y marido"
Natalie Portman,https://media.themoviedb.org/t/p/w235_and_h235_face/edPU5HxncLWa1YkgRPNkSd68ONG.jpg,"Cisne negro, V de Vendetta y Thor"
Mel Gibson,https://media.themoviedb.org/t/p/w235_and_h235_face/jnqHMaOslt8cef2atSmOpGRvNla.jpg,"Braveheart, Señales y Arma letal"
Dylan Wang,https://media.themoviedb.org/t/p/w235_and_h235_face/lj0KGutrA0MSJxgsjNzvIGMDnFX.jpg,"Jardín de meteoros (Meteor Garden), Amor entre Hada y Demonio y Noche Eterna"
Paul Dano,https://media.themoviedb.org/t/p/w235_and_h235_face/as6rmmWKgSrpHs0suNRSbQT8Raw.jpg,"Swiss Army Man, Pozos de ambición y Batman"
Bryan Cranston,https://media.themoviedb.org/t/p/w235_and_h235_face/7Jahy5LZX2Fo8fGJltMreAI49hC.jpg,"Breaking Bad, Isla de perros y Drive"
Hande Erçel,https://media.themoviedb.org/t/p/w235_and_h235_face/jrUvWNqOpfDm3D0KhbuRwQOy8Nu.jpg,"Love is in the Air, Hayat: Amor sin palabras y Chicas Del Sol"
Asa Butterfield,https://media.themoviedb.org/t/p/w235_and_h235_face/hMDIBO0QcOydD0UtfeDjTR7mhi6.jpg,"Sex Education, La invención de Hugo y El niño con el pijama de rayas"
Damon Wayans,https://media.themoviedb.org/t/p/w235_and_h235_face/10gs0DB8ulakUN47hZwFRr5UdT0.jpg,"El último Boy Scout, Mayor Payne y Arma letal"
Felicity Jones,https://media.themoviedb.org/t/p/w235_and_h235_face/35KdWSfTldNEdsn4MUGFIRoxJEu.jpg,"Rogue One: Una historia de Star Wars, La teoría del todo y Inferno"
Lance Henriksen,https://media.themoviedb.org/t/p/w235_and_h235_face/ieo8Zbw30UAPAscGOI6090VhL4I.jpg,"Terminator, Aliens: El regreso y Alien vs. Predator"
Katrina Law,https://media.themoviedb.org/t/p/w235_and_h235_face/y7LzCN8BaoPPSXDBo0UwPQ4UwSB.jpg,"Navy: Investigación criminal, 12 regalos de Navidad y Hawaii Five-0"
Maggie Q,https://media.themoviedb.org/t/p/w235_and_h235_face/1Z0A8axunWqZrskGkfANv6W5qCl.jpg,"Fantasy Island, Divergente y La jungla 4.0"
Shea Whigham,https://media.themoviedb.org/t/p/w235_and_h235_face/d3caK3l4UfbnzOxv95wLoFLZzMO.jpg,"Joker, El lobo de Wall Street y El lado bueno de las cosas"
Chris Hemsworth,https://media.themoviedb.org/t/p/w235_and_h235_face/xkHHiJXraaMFXgRYspN6KVrFn17.jpg,"Thor, Thor: Ragnarok y Thor: el mundo oscuro"
Hayden Christensen,https://media.themoviedb.org/t/p/w235_and_h235_face/RuwAecNK9VDeTrfw6LUE4q4rIt.jpg,"La guerra de las galaxias. Episodio III: La venganza de los Sith, La guerra de las galaxias. Episodio II: El ataque de los clones y Jumper"
Tim Matheson,https://media.themoviedb.org/t/p/w235_and_h235_face/trZ4QaDidCOPNy7HK9cYnmKHkg9.jpg,"Desmadre a la americana, Van Wilder: Animal Party y Jumanji: Bienvenidos a la jungla"
Andrew Garfield,https://media.themoviedb.org/t/p/w235_and_h235_face/5ydZ6TluPtxlz5G8nlWMB7SGmow.jpg,"The Amazing Spider-Man, Hasta El Último Hombre y The Amazing Spider-Man 2: El poder de Electro"
Laura Dern,https://media.themoviedb.org/t/p/w235_and_h235_face/gB9PnGEvxKg33OSlcqptQwTBwPE.jpg,"Jurassic Park (Parque Jurásico), Bajo la misma estrella y Historia De Un Matrimonio"
Mark Ruffalo,https://media.themoviedb.org/t/p/w235_and_h235_face/5GilHMOt5PAQh6rlUKZzGmaKEI7.jpg,"Shutter Island, Los Vengadores y Vengadores: Infinity War"
Matthew Lillard,https://media.themoviedb.org/t/p/w235_and_h235_face/mIEKAfe0iC41RDXibbTy48LtNOi.jpg,"Scream (Vigila quién llama), Scooby-Doo y Five Nights at Freddy's"
Tommy Lee Jones,https://media.themoviedb.org/t/p/w235_and_h235_face/mCiZNRAzbnPojJEZwVZWLw9kzxR.jpg,"Men in Black (Hombres de negro), Capitán América: El primer vengador y Men in Black 3"
Akira Toriyama,https://media.themoviedb.org/t/p/w235_and_h235_face/9YorJMvF6DgfJcpATHbGyivZpS5.jpg,"Dragon Ball Z, Dragon Ball y Dragon Ball Super: Broly"
Sandra Bullock,https://media.themoviedb.org/t/p/w235_and_h235_face/5pyso6iXs4nGz55tCOU6AfmPspZ.jpg,"Gravity, Los Minions y A ciegas"
Sandra Hüller,https://media.themoviedb.org/t/p/w235_and_h235_face/t7wGqC2dRwTEnt9Fk5pxQ0uXTqs.jpg,"Anatomía de una caída, Toni Erdmann y La zona de interés"
Idris Elba,https://media.themoviedb.org/t/p/w235_and_h235_face/be1bVF7qGX91a6c5WeRPs5pKXln.jpg,"Zootrópolis, La Torre Oscura y El escuadrón suicida"
Michelle Monaghan,https://media.themoviedb.org/t/p/w235_and_h235_face/jB47BoGdudHELszn9ZAZqnnUy8N.jpg,"Código fuente, Lo mejor de mí y Pixels"
Paul Rudd,https://media.themoviedb.org/t/p/w235_and_h235_face/6jtwNOLKy0LdsRAKwZqgYMAfd5n.jpg,"Ant-Man, Ant-Man y la Avispa y Ant-Man y la Avispa: Quantumanía"
Téa Leoni,https://media.themoviedb.org/t/p/w235_and_h235_face/1Jb6J8Q6zW8IAWMjrCd3c0NIlKL.jpg,"Jurassic Park III (Parque Jurásico III), Dos policías rebeldes y Deep Impact"